"","sample_id","longitude","latitude","continent","raw_obs_div","rarefied"
"1","S1043",3.01889,39.83495,"Europe",36,48.2490005493164
"2","S1044",3.01889,39.83495,"Europe",47,107.499000549316
"3","S1045",3.01889,39.83495,"Europe",44,45.125
"4","S1046",3.01889,39.83495,"Europe",39,43
"5","S1059",9.460072222,48.4587139,"Europe",23,24.1240005493164
"6","S1065",3.01889,39.83495,"Europe",35,35.5
"7","S1067",3.01889,39.83495,"Europe",35,66.9990005493164
"8","S1078",-61.73166667,16.17833333,"Europe",22,26.5
"9","S1148",23.9175,63.41138889,"Europe",NA,NA
"10","S1160",24.92805556,35.18111111,"Europe",33,39.2490005493164
"11","S1161",56.09777778,53.555,"Europe",52,53
"12","S1188",33.53972222,44.56944444,"Europe",51,63.5
"13","S1191",4.96044,50.86233,"Europe",9,10
"14","S1198",-3.513333333,40.27111111,"Europe",38,42
"15","S1210",44.12,49.10888889,"Europe",66,90.5
"16","S1213",-16.545,28.02888889,"Europe",23,25
"17","S1216",-16.22472222,28.54027778,"Europe",25,25.1660003662109
"18","S1223",4.904111,50.865687,"Europe",19,19.5
"19","S1234",3.01889,39.83495,"Europe",29,38
"20","S1240",20.164211,60.074033,"Europe",39,44.3330001831055
"21","S1255",9.460072222,48.4587139,"Europe",22,22
"22","S1256",9.460072222,48.4587139,"Europe",21,21
"23","S1257",9.460072222,48.4587139,"Europe",20,20.5
"24","S1271",9.460072222,48.4587139,"Europe",26,27
"25","S1273",19.927444,60.346778,"Europe",28,35.9990005493164
"26","S1278",23.80083333,35.45916667,"Europe",52,60
"27","S1286",-16.31777778,28.53166667,"Europe",27,27
"28","S1331",4.99017,50.87242,"Europe",29,31.6660003662109
"29","S1390",3.01889,39.83495,"Europe",41,41.5
"30","S1391",20.163806,60.074064,"Europe",29,33.1660003662109
"31","S1394",20.164211,60.074031,"Europe",28,40.4980010986328
"32","S1395",20.164339,60.07405,"Europe",25,31.2490005493164
"33","S1397",3.01889,39.83495,"Europe",32,47
"34","S1436",16.45972222,56.53888889,"Europe",66,66.9000015258789
"35","S1438",12.07138889,37.96111111,"Europe",28,35.9980010986328
"36","S1439",3.01889,39.83495,"Europe",38,47
"37","S1446",20.275511,60.130228,"Europe",22,62.4959983825684
"38","S1478",9.460072222,48.4587139,"Europe",25,25
"39","S1479",9.460072222,48.4587139,"Europe",30,30
"40","S1480",9.460072222,48.4587139,"Europe",22,23
"41","S1481",9.460072222,48.4587139,"Europe",23,25.2479991912842
"42","S1498",9.460072222,48.4587139,"Europe",21,21.9990005493164
"43","S1508",19.927439,60.346781,"Europe",28,32.5
"44","S1538",4.96303,50.86246,"Europe",17,25
"45","S1545",4.936449,50.851184,"Europe",18,19
"46","S1546",9.460072222,48.4587139,"Europe",27,27.1669998168945
"47","S1566",7.55,60.60888889,"Europe",36,44.9990005493164
"48","S1584",20.276164,60.130253,"Europe",19,31.2490005493164
"49","S1601",3.01889,39.83495,"Europe",37,61.9990005493164
"50","S1603",9.460072222,48.4587139,"Europe",22,22.9990005493164
"51","S1632",13.05944444,47.56083333,"Europe",18,19.4990005493164
"52","S1654",9.460072222,48.4587139,"Europe",30,35.9970016479492
"53","S1655",9.460072222,48.4587139,"Europe",23,23.5
"54","S1656",9.460072222,48.4587139,"Europe",16,16
"55","S1657",9.460072222,48.4587139,"Europe",27,27.25
"56","S1658",9.460072222,48.4587139,"Europe",23,23.9990005493164
"57","S1659",9.460072222,48.4587139,"Europe",26,27.9990005493164
"58","S1660",9.460072222,48.4587139,"Europe",21,21.9990005493164
"59","S1669",4.9604,50.86249,"Europe",18,19
"60","S1674",19.789175,60.364769,"Europe",24,34.6619987487793
"61","S1675",4.96319,50.86234,"Europe",20,20
"62","S1704",20.268492,60.140667,"Europe",32,32.6669998168945
"63","S1712",19.594128,60.235489,"Europe",15,16.9990005493164
"64","S1735",3.01889,39.83495,"Europe",35,43
"65","S1740",3.01889,39.83495,"Europe",46,58.5
"66","S1743",9.460072222,48.4587139,"Europe",23,24.9990005493164
"67","S1753",19.800614,60.334578,"Europe",17,18.125
"68","S1770",19.671547,60.213047,"Europe",20,28.0979995727539
"69","S1775",26.66472222,58.36083333,"Europe",48,49.5999984741211
"70","S1776",24.62472222,70.61111111,"Europe",13,19
"71","S1778",20.275514,60.130225,"Europe",20,21.6000003814697
"72","S1782",19.543256,60.235711,"Europe",16,18.25
"73","S1793",19.671508,60.213014,"Europe",16,26.6650009155273
"74","S1796",20.275317,60.130361,"Europe",22,29.9990005493164
"75","S1808",10.417922,51.271275,"Europe",17,17.9990005493164
"76","S1818",4.96052,50.86117,"Europe",23,27.1660003662109
"77","S1832",-3.901944444,40.63527778,"Europe",27,30.9990005493164
"78","S1834",16.87583333,60.2775,"Europe",9,10
"79","S1845",19.928058,60.346497,"Europe",26,57.9970016479492
"80","S1847",4.99042,50.88746,"Europe",24,41.9990005493164
"81","S1852",9.460072222,48.4587139,"Europe",31,38.9970016479492
"82","S1858",3.01889,39.83495,"Europe",46,54
"83","S1861",20.275508,60.130225,"Europe",24,55.9990005493164
"84","S1864",3.01889,39.83495,"Europe",32,44.4990005493164
"85","S1867",4.99034,50.8875,"Europe",15,16
"86","S1875",41.69944444,43.44805556,"Europe",17,34.9980010986328
"87","S1876",4.99078,50.8867,"Europe",13,17.4990005493164
"88","S1905",19.594122,60.235486,"Europe",14,31.9780006408691
"89","S1906",20.268492,60.140664,"Europe",21,27.2490005493164
"90","S1907",20.164208,60.074022,"Europe",35,65.2490005493164
"91","S1933",3.01889,39.83495,"Europe",38,44
"92","S1934",9.460072222,48.4587139,"Europe",23,23.5
"93","S1948",9.460072222,48.4587139,"Europe",25,27.9979991912842
"94","S1964",4.98661,50.871172,"Europe",20,21.5
"95","S1965",17.29638889,60.01472222,"Europe",43,47.5
"96","S1978",19.594114,60.235483,"Europe",19,33.9959983825684
"97","S1991",3.01889,39.83495,"Europe",34,51.9990005493164
"98","S1992",3.01889,39.83495,"Europe",42,44.25
"99","S2003",4.98994,50.87219,"Europe",13,15
"100","S2007",23.56916667,58.58527778,"Europe",41,45
"101","S2011",9.460072222,48.4587139,"Europe",19,21.9979991912842
"102","S2040",4.98599,50.87578,"Europe",24,36.4990005493164
"103","S2045",4.99013,50.87226,"Europe",25,29.5
"104","S2052",4.4925,50.79944444,"Europe",13,13
"105","S2058",56.14611111,53.62944444,"Europe",32,36.5
"106","S2060",9.460072222,48.4587139,"Europe",26,33.9949989318848
"107","S2061",9.460072222,48.4587139,"Europe",24,28.496000289917
"108","S2067",9.460072222,48.4587139,"Europe",25,34.9959983825684
"109","S2074",9.460072222,48.4587139,"Europe",28,30.9979991912842
"110","S2077",3.01889,39.83495,"Europe",35,37.25
"111","S2079",9.460072222,48.4587139,"Europe",21,23.9979991912842
"112","S2081",9.460072222,48.4587139,"Europe",13,13
"113","S2082",9.460072222,48.4587139,"Europe",25,25
"114","S2107",23.56722222,58.58555556,"Europe",31,40.9990005493164
"115","S2114",9.460072222,48.4587139,"Europe",24,25.9990005493164
"116","S2117",4.98985,50.87237,"Europe",22,23
"117","S2119",9.460072222,48.4587139,"Europe",27,29.2479991912842
"118","S2121",9.460072222,48.4587139,"Europe",25,27.9979991912842
"119","S2122",19.800608,60.334578,"Europe",22,29.9990005493164
"120","S2128",4.90409,50.86578,"Europe",34,35.125
"121","S2130",32.98083333,56.45527778,"Europe",26,26.5
"122","S2131",3.01889,39.83495,"Europe",44,46.6669998168945
"123","S2146",24.92861111,54.81944444,"Europe",18,21
"124","S2149",9.460072222,48.4587139,"Europe",21,22
"125","S2156",3.01889,39.83495,"Europe",43,49.25
"126","S2172",9.460072222,48.4587139,"Europe",22,22.9990005493164
"127","S2173",9.460072222,48.4587139,"Europe",33,33.1669998168945
"128","S2174",9.460072222,48.4587139,"Europe",17,17
"129","S2175",9.460072222,48.4587139,"Europe",29,41.2430000305176
"130","S2176",9.460072222,48.4587139,"Europe",23,23.9990005493164
"131","S2177",9.460072222,48.4587139,"Europe",22,22.9990005493164
"132","S2178",9.460072222,48.4587139,"Europe",27,27.1669998168945
"133","S2179",9.460072222,48.4587139,"Europe",28,55.9819984436035
"134","S2180",9.460072222,48.4587139,"Europe",20,21
"135","S2186",4.960124,50.861043,"Europe",18,18.5
"136","S2187",4.97514,50.86605,"Europe",10,10
"137","S2205",9.460072222,48.4587139,"Europe",28,28.9990005493164
"138","S2206",9.460072222,48.4587139,"Europe",25,34.9939994812012
"139","S2207",9.460072222,48.4587139,"Europe",21,21.25
"140","S2208",9.460072222,48.4587139,"Europe",26,26.5
"141","S2209",9.460072222,48.4587139,"Europe",23,24.9990005493164
"142","S2210",9.460072222,48.4587139,"Europe",19,19.9990005493164
"143","S2211",9.460072222,48.4587139,"Europe",26,26
"144","S2212",9.460072222,48.4587139,"Europe",25,26.1240005493164
"145","S2213",9.460072222,48.4587139,"Europe",23,27.4950008392334
"146","S2214",9.460072222,48.4587139,"Europe",26,26.5
"147","S2219",4.986397,50.871157,"Europe",18,30.4990005493164
"148","S2224",4.96335,50.86229,"Europe",10,11
"149","S2240",19.539261,60.218431,"Europe",12,32.5330009460449
"150","S2285",4.9779,50.85897,"Europe",12,16.5
"151","S2288",9.460072222,48.4587139,"Europe",15,15.5
"152","S2289",9.460072222,48.4587139,"Europe",28,30.2490005493164
"153","S2290",9.460072222,48.4587139,"Europe",22,22.4990005493164
"154","S2291",9.460072222,48.4587139,"Europe",21,21
"155","S2292",9.460072222,48.4587139,"Europe",23,24
"156","S2293",9.460072222,48.4587139,"Europe",19,21.2490005493164
"157","S2294",9.460072222,48.4587139,"Europe",18,18.5
"158","S2295",9.460072222,48.4587139,"Europe",35,42.9970016479492
"159","S2296",9.460072222,48.4587139,"Europe",27,29.2490005493164
"160","S2297",9.460072222,48.4587139,"Europe",25,25.5
"161","S2298",9.460072222,48.4587139,"Europe",27,27
"162","S2299",9.460072222,48.4587139,"Europe",19,20
"163","S2300",9.460072222,48.4587139,"Europe",25,31.246000289917
"164","S2301",9.460072222,48.4587139,"Europe",22,22.5
"165","S2302",9.460072222,48.4587139,"Europe",15,15
"166","S2303",9.460072222,48.4587139,"Europe",19,19.9990005493164
"167","S2304",9.460072222,48.4587139,"Europe",30,32.9980010986328
"168","S2305",9.460072222,48.4587139,"Europe",22,24.9979991912842
"169","S2306",9.460072222,48.4587139,"Europe",19,19.5
"170","S2307",9.460072222,48.4587139,"Europe",21,25.4969997406006
"171","S2308",9.460072222,48.4587139,"Europe",22,22
"172","S2309",9.460072222,48.4587139,"Europe",22,29.9950008392334
"173","S2310",9.460072222,48.4587139,"Europe",30,34.1650009155273
"174","S2311",9.460072222,48.4587139,"Europe",26,29.9969997406006
"175","S2312",9.460072222,48.4587139,"Europe",29,29
"176","S2313",9.460072222,48.4587139,"Europe",26,27
"177","S2314",9.460072222,48.4587139,"Europe",22,22
"178","S2315",9.460072222,48.4587139,"Europe",30,36.2480010986328
"179","S2316",9.460072222,48.4587139,"Europe",19,19
"180","S2317",9.460072222,48.4587139,"Europe",30,32.2490005493164
"181","S2318",9.460072222,48.4587139,"Europe",28,31.9979991912842
"182","S2319",9.460072222,48.4587139,"Europe",19,19
"183","S2320",9.460072222,48.4587139,"Europe",18,19
"184","S2321",9.460072222,48.4587139,"Europe",19,19
"185","S2322",9.460072222,48.4587139,"Europe",21,22
"186","S2323",9.460072222,48.4587139,"Europe",19,19.9990005493164
"187","S2324",9.460072222,48.4587139,"Europe",26,27.9990005493164
"188","S2325",9.460072222,48.4587139,"Europe",23,27.4979991912842
"189","S2326",9.460072222,48.4587139,"Europe",24,25
"190","S2327",9.460072222,48.4587139,"Europe",30,31.9990005493164
"191","S2328",9.460072222,48.4587139,"Europe",23,23
"192","S2329",9.460072222,48.4587139,"Europe",27,27
"193","S2330",9.460072222,48.4587139,"Europe",16,16
"194","S2331",9.460072222,48.4587139,"Europe",26,27
"195","S2332",9.460072222,48.4587139,"Europe",25,25
"196","S2333",9.460072222,48.4587139,"Europe",27,29.9979991912842
"197","S2334",9.460072222,48.4587139,"Europe",21,21
"198","S2335",9.460072222,48.4587139,"Europe",30,30.5
"199","S2336",9.460072222,48.4587139,"Europe",22,23.9990005493164
"200","S2337",9.460072222,48.4587139,"Europe",28,28.5
"201","S2338",9.460072222,48.4587139,"Europe",29,34.9959983825684
"202","S2339",9.460072222,48.4587139,"Europe",23,28.9969997406006
"203","S2340",9.460072222,48.4587139,"Europe",21,22.9979991912842
"204","S2341",9.460072222,48.4587139,"Europe",27,29.9979991912842
"205","S2342",9.460072222,48.4587139,"Europe",21,21
"206","S2343",9.460072222,48.4587139,"Europe",27,27
"207","S2344",9.460072222,48.4587139,"Europe",32,47.9910011291504
"208","S2345",9.460072222,48.4587139,"Europe",25,30.9969997406006
"209","S2346",9.460072222,48.4587139,"Europe",20,20.9990005493164
"210","S2347",9.460072222,48.4587139,"Europe",24,25.9990005493164
"211","S2348",9.460072222,48.4587139,"Europe",27,34.9930000305176
"212","S2349",9.460072222,48.4587139,"Europe",28,28
"213","S2350",9.460072222,48.4587139,"Europe",28,31.9979991912842
"214","S2351",9.460072222,48.4587139,"Europe",22,22.25
"215","S2352",9.460072222,48.4587139,"Europe",29,30.1240005493164
"216","S2353",9.460072222,48.4587139,"Europe",12,12.5
"217","S2354",9.460072222,48.4587139,"Europe",15,22.9950008392334
"218","S2355",9.460072222,48.4587139,"Europe",22,22
"219","S2356",9.460072222,48.4587139,"Europe",19,24.9950008392334
"220","S2357",9.460072222,48.4587139,"Europe",18,30.492000579834
"221","S2358",4.98986,50.87208,"Europe",22,30
"222","S2359",4.90378,50.865601,"Europe",23,25
"223","S2374",10.405344,50.971664,"Europe",9,9
"224","S2375",9.460072222,48.4587139,"Europe",28,29.9990005493164
"225","S2376",9.460072222,48.4587139,"Europe",29,36.9949989318848
"226","S2378",9.460072222,48.4587139,"Europe",26,26
"227","S2379",9.460072222,48.4587139,"Europe",18,18
"228","S2380",9.460072222,48.4587139,"Europe",21,21.9990005493164
"229","S2381",9.460072222,48.4587139,"Europe",16,16.9990005493164
"230","S2382",9.460072222,48.4587139,"Europe",36,38.2490005493164
"231","S2383",22.28777778,57.62861111,"Europe",48,48.4000015258789
"232","S2398",10.417922,51.271275,"Europe",12,12
"233","S2415",4.991092,50.886747,"Europe",32,36.5
"234","S2421",4.93623,50.85126,"Europe",16,33.9949989318848
"235","S2425",10.405344,50.971664,"Europe",16,16
"236","S2439",9.460072222,48.4587139,"Europe",20,20
"237","S2440",9.460072222,48.4587139,"Europe",25,25.5
"238","S2445",27.2624,58.2986,"Europe",14,14
"239","S2446",27.2624,58.2986,"Europe",15,17.2479991912842
"240","S2455",19.924192,60.344733,"Europe",21,21.6669998168945
"241","S2459",3.01889,39.83495,"Europe",30,34.5
"242","S2461",4.986316,50.87137,"Europe",23,24
"243","S2516",9.460072222,48.4587139,"Europe",19,19
"244","S2517",3.01889,39.83495,"Europe",35,43
"245","S2552",9.460072222,48.4587139,"Europe",25,25
"246","S2563",10.405344,50.971664,"Europe",4,4
"247","S2564",9.460072222,48.4587139,"Europe",31,38.9959983825684
"248","S2570",9.460072222,48.4587139,"Europe",25,25.5
"249","S2588",20.268553,60.140622,"Europe",14,21.9969997406006
"250","S2596",4.98546,50.87591,"Europe",16,18.9990005493164
"251","S2597",20.275306,60.130364,"Europe",7,8.99699974060059
"252","S2602",-2.833333,37.4,"Europe",9,11.9919996261597
"253","S2624",9.460072222,48.4587139,"Europe",26,30.4969997406006
"254","S2629",4.97499,50.86614,"Europe",13,14.9989995956421
"255","S2634",19.788944,60.365067,"Europe",30,32
"256","S2670",20.275303,60.130361,"Europe",19,27.1660003662109
"257","S2673",19.671547,60.213053,"Europe",16,51.976001739502
"258","S2674",4.9855,50.87582,"Europe",23,27.5
"259","S2679",18.32722222,68.42222222,"Europe",10,13
"260","S2685",19.788928,60.365069,"Europe",24,41.9970016479492
"261","S2690",9.460072222,48.4587139,"Europe",25,25.5
"262","S2721",10.405344,50.971664,"Europe",14,14
"263","S2736",4.96274,50.86261,"Europe",11,11
"264","S2743",19.543156,60.235483,"Europe",14,18.1660003662109
"265","S2756",9.460072222,48.4587139,"Europe",26,35.9949989318848
"266","S2758",19.594139,60.235544,"Europe",21,22.6000003814697
"267","S2776",9.460072222,48.4587139,"Europe",24,25.9969997406006
"268","S2784",9.460072222,48.4587139,"Europe",22,22
"269","S2787",9.460072222,48.4587139,"Europe",25,25
"270","S2788",9.460072222,48.4587139,"Europe",30,37.9959983825684
"271","S2789",9.460072222,48.4587139,"Europe",14,14
"272","S2790",27.2624,58.2986,"Europe",10,10.9969997406006
"273","S2794",19.923892,60.344658,"Europe",15,16.4979991912842
"274","S2801",9.460072222,48.4587139,"Europe",26,33.9939994812012
"275","S2802",9.460072222,48.4587139,"Europe",32,52.9910011291504
"276","S2811",4.97488,50.86627,"Europe",11,11
"277","S2830",19.789125,60.365367,"Europe",18,20.6660003662109
"278","S2835",9.460072222,48.4587139,"Europe",31,36.9970016479492
"279","S2841",9.460072222,48.4587139,"Europe",23,24.9990005493164
"280","S2842",9.460072222,48.4587139,"Europe",17,17
"281","S2845",4.93619,50.85123,"Europe",16,16
"282","S2846",4.93665,50.84997,"Europe",21,25.5
"283","S2847",4.977837,50.858796,"Europe",14,17
"284","S2848",4.962924,50.86251,"Europe",15,15.5
"285","S2867",19.927425,60.347133,"Europe",21,25.5
"286","S2877",19.543222,60.235508,"Europe",25,56.9949989318848
"287","S2880",20.268494,60.140669,"Europe",30,31.7849998474121
"288","S2883",19.539264,60.218439,"Europe",10,30.992000579834
"289","S2903",9.460072222,48.4587139,"Europe",19,19
"290","S2904",9.460072222,48.4587139,"Europe",26,27.9990005493164
"291","S2907",9.460072222,48.4587139,"Europe",28,30.2490005493164
"292","S2912",4.960786,50.86092,"Europe",24,26
"293","S2915",19.540517,60.217981,"Europe",12,24.4869995117188
"294","S2917",4.98764,50.87281,"Europe",6,7
"295","S2921",20.276172,60.13025,"Europe",21,41.1629981994629
"296","S2943",9.460072222,48.4587139,"Europe",27,27.6660003662109
"297","S2953",9.460072222,48.4587139,"Europe",29,30.9990005493164
"298","S2960",4.936586,50.849842,"Europe",17,17.5
"299","S2973",20.268556,60.140625,"Europe",20,28.0919990539551
"300","S2979",9.460072222,48.4587139,"Europe",24,29.996000289917
"301","S2988",9.460072222,48.4587139,"Europe",25,27.6639995574951
"302","S2999",3.01889,39.83495,"Europe",32,40
"303","S3013",9.460072222,48.4587139,"Europe",24,24.5
"304","S3014",9.460072222,48.4587139,"Europe",21,26.996000289917
"305","S3015",9.460072222,48.4587139,"Europe",21,21.25
"306","S3020",9.460072222,48.4587139,"Europe",28,40.4910011291504
"307","S3028",19.671808,60.213675,"Europe",23,31.9990005493164
"308","S3032",19.927419,60.347128,"Europe",17,17.6669998168945
"309","S3042",20.165792,60.074161,"Europe",19,21.6650009155273
"310","S3044",9.460072222,48.4587139,"Europe",25,25.9990005493164
"311","S3045",9.460072222,48.4587139,"Europe",31,31.3330001831055
"312","S3046",9.460072222,48.4587139,"Europe",27,28.4990005493164
"313","S3050",19.543156,60.235489,"Europe",38,50.2490005493164
"314","S3060",4.93626,50.85106,"Europe",16,20
"315","S3066",10.417922,51.271275,"Europe",13,13
"316","S3068",10.417922,51.271275,"Europe",9,10.9989995956421
"317","S3070",9.460072222,48.4587139,"Europe",22,24.9979991912842
"318","S3071",4.99096,50.88655,"Europe",24,27
"319","S3077",9.460072222,48.4587139,"Europe",18,18
"320","S3078",9.460072222,48.4587139,"Europe",24,29.9969997406006
"321","S3084",9.460072222,48.4587139,"Europe",23,23
"322","S3108",19.594153,60.235536,"Europe",8,8
"323","S3121",9.460072222,48.4587139,"Europe",25,27.9979991912842
"324","S3133",4.98592,50.87563,"Europe",12,13
"325","S3137",9.460072222,48.4587139,"Europe",28,30.2490005493164
"326","S3144",9.460072222,48.4587139,"Europe",27,31.1639995574951
"327","S3169",9.460072222,48.4587139,"Europe",26,27.9990005493164
"328","S3175",9.460072222,48.4587139,"Europe",22,23.9979991912842
"329","S3176",9.460072222,48.4587139,"Europe",19,19
"330","S3184",19.543244,60.235711,"Europe",10,12.9989995956421
"331","S3191",19.671511,60.213008,"Europe",27,35.9970016479492
"332","S3217",9.460072222,48.4587139,"Europe",29,29.25
"333","S3218",9.460072222,48.4587139,"Europe",29,29.5
"334","S3220",9.460072222,48.4587139,"Europe",21,22
"335","S3231",10.417922,51.271275,"Europe",18,18.5
"336","S3255",9.460072222,48.4587139,"Europe",22,23
"337","S3271",9.460072222,48.4587139,"Europe",19,19
"338","S3272",9.460072222,48.4587139,"Europe",14,14
"339","S3300",4.98759,50.87284,"Europe",8,9.99699974060059
"340","S3325",9.460072222,48.4587139,"Europe",22,22.5
"341","S3328",9.460072222,48.4587139,"Europe",14,14
"342","S3334",9.460072222,48.4587139,"Europe",14,14.9989995956421
"343","S3369",9.460072222,48.4587139,"Europe",19,19.9990005493164
"344","S3376",19.788944,60.365058,"Europe",19,31.4969997406006
"345","S3380",19.800431,60.334725,"Europe",23,31.996000289917
"346","S3405",27.2624,58.2986,"Europe",2,2
"347","S3428",9.460072222,48.4587139,"Europe",22,22.1669998168945
"348","S3429",27.2624,58.2986,"Europe",4,4.49200010299683
"349","S3439",9.460072222,48.4587139,"Europe",25,25.6660003662109
"350","S3440",9.460072222,48.4587139,"Europe",21,33.4930000305176
"351","S3441",9.460072222,48.4587139,"Europe",23,24
"352","S3442",9.460072222,48.4587139,"Europe",29,29.9990005493164
"353","S3443",9.460072222,48.4587139,"Europe",26,26
"354","S3447",9.460072222,48.4587139,"Europe",17,17
"355","S3448",9.460072222,48.4587139,"Europe",27,29.6650009155273
"356","S3449",9.460072222,48.4587139,"Europe",20,20.5
"357","S3450",9.460072222,48.4587139,"Europe",20,20
"358","S3451",9.460072222,48.4587139,"Europe",27,27.5
"359","S3452",9.460072222,48.4587139,"Europe",25,42.9869995117188
"360","S3453",9.460072222,48.4587139,"Europe",31,40.9939994812012
"361","S3454",9.460072222,48.4587139,"Europe",19,20
"362","S3534",9.460072222,48.4587139,"Europe",17,17
"363","S3536",9.460072222,48.4587139,"Europe",18,18
"364","S3537",9.460072222,48.4587139,"Europe",27,31.4969997406006
"365","S3585",9.460072222,48.4587139,"Europe",24,25
"366","S3609",19.540092,60.218222,"Europe",20,33.4939994812012
"367","S3610",9.460072222,48.4587139,"Europe",20,20.9990005493164
"368","S3627",19.540092,60.218217,"Europe",10,12.2469997406006
"369","S3629",-2.833333,37.4,"Europe",4,4
"370","S3630",19.800536,60.334267,"Europe",16,33.9879989624023
"371","S3636",19.539233,60.218297,"Europe",19,46.9790000915527
"372","S3645",19.540508,60.218036,"Europe",22,30.9979991912842
"373","S3668",9.460072222,48.4587139,"Europe",20,20
"374","S3671",-2.208611111,53.12388889,"Europe",9,9.9689998626709
"375","S3674",4.960782,50.861122,"Europe",20,28.9969997406006
"376","S3678",9.460072222,48.4587139,"Europe",31,32
"377","S3680",9.460072222,48.4587139,"Europe",25,32.9959983825684
"378","S3690",9.460072222,48.4587139,"Europe",25,25.9990005493164
"379","S3691",9.460072222,48.4587139,"Europe",17,17.9990005493164
"380","S3698",9.460072222,48.4587139,"Europe",34,34.5
"381","S3699",9.460072222,48.4587139,"Europe",20,21
"382","S3703",10.417922,51.271275,"Europe",3,3
"383","S3704",10.405344,50.971664,"Europe",9,11.996000289917
"384","S3715",16.53194444,43.14444444,"Europe",20,20
"385","S3730",19.927422,60.347131,"Europe",26,32.2470016479492
"386","S3733",41.68972222,43.43777778,"Europe",18,19
"387","S3750",8.2675,50.14111111,"Europe",3,3.48099994659424
"388","S3752",9.460072222,48.4587139,"Europe",29,29
"389","S3757",9.460072222,48.4587139,"Europe",20,20
"390","S3758",9.460072222,48.4587139,"Europe",22,22
"391","S3759",9.460072222,48.4587139,"Europe",24,24.5
"392","S3821",19.927436,60.346783,"Europe",16,23.9979991912842
"393","S3854",4.9608,50.861,"Europe",19,23.4990005493164
"394","S3859",10.405344,50.971664,"Europe",12,12.9989995956421
"395","S3870",12.33083333,56.04666667,"Europe",3,3
"396","S3876",9.460072222,48.4587139,"Europe",19,19
"397","S3877",9.460072222,48.4587139,"Europe",27,28.9979991912842
"398","S3893",9.460072222,48.4587139,"Europe",19,19
"399","S3894",9.460072222,48.4587139,"Europe",19,19.9990005493164
"400","S3902",19.928064,60.346503,"Europe",26,34.1640014648438
"401","S3905",19.800744,60.334353,"Europe",29,41.0979995727539
"402","S3913",9.460072222,48.4587139,"Europe",25,25.9990005493164
"403","S3915",19.671514,60.213008,"Europe",10,22.4860000610352
"404","S3923",-9.000555556,38.46972222,"Europe",24,28.4930000305176
"405","S3933",4.990793,50.887179,"Europe",26,40.9980010986328
"406","S3935",9.460072222,48.4587139,"Europe",24,28.4969997406006
"407","S3938",9.460072222,48.4587139,"Europe",21,30.9950008392334
"408","S3950",9.460072222,48.4587139,"Europe",27,27.9990005493164
"409","S3951",9.460072222,48.4587139,"Europe",20,20.25
"410","S3954",19.800422,60.334725,"Europe",21,26.9979991912842
"411","S3977",4.97762,50.85903,"Europe",6,6
"412","S3978",9.460072222,48.4587139,"Europe",21,23.9979991912842
"413","S3979",9.460072222,48.4587139,"Europe",24,28.4969997406006
"414","S3996",4.99042,50.88739,"Europe",16,17
"415","S4005",9.460072222,48.4587139,"Europe",24,24.9990005493164
"416","S4006",9.460072222,48.4587139,"Europe",31,32.9990005493164
"417","S4019",19.924203,60.344758,"Europe",15,19.1609992980957
"418","S4021",9.460072222,48.4587139,"Europe",25,25.9990005493164
"419","S4039",9.460072222,48.4587139,"Europe",17,17
"420","S4045",9.460072222,48.4587139,"Europe",22,22.9990005493164
"421","S4049",9.460072222,48.4587139,"Europe",27,27
"422","S4064",9.460072222,48.4587139,"Europe",26,28.2479991912842
"423","S4076",9.460072222,48.4587139,"Europe",20,21
"424","S4078",9.460072222,48.4587139,"Europe",24,31.9950008392334
"425","S4103",10.417922,51.271275,"Europe",19,21.6639995574951
"426","S4179",19.789131,60.365367,"Europe",13,25.4839992523193
"427","S4185",9.460072222,48.4587139,"Europe",22,22
"428","S4192",9.460072222,48.4587139,"Europe",27,27
"429","S4193",9.460072222,48.4587139,"Europe",23,23.5
"430","S4195",18.30138889,57.62555556,"Europe",33,33
"431","S4204",9.460072222,48.4587139,"Europe",16,16
"432","S4206",10.417922,51.271275,"Europe",9,9
"433","S4209",10.417922,51.271275,"Europe",10,11.9980001449585
"434","S4215",9.460072222,48.4587139,"Europe",29,29.25
"435","S4260",20.276169,60.130247,"Europe",11,11.5
"436","S4274",27.81638889,55.57861111,"Europe",6,6
"437","S4282",9.460072222,48.4587139,"Europe",23,23.9990005493164
"438","S4288",9.460072222,48.4587139,"Europe",34,46.4939994812012
"439","S4291",20.165811,60.074156,"Europe",19,19
"440","S4293",9.460072222,48.4587139,"Europe",37,37.125
"441","S4294",19.540508,60.217978,"Europe",34,38.4990005493164
"442","S4298",10.417922,51.271275,"Europe",13,13
"443","S4299",9.460072222,48.4587139,"Europe",18,18.9990005493164
"444","S4303",20.26855,60.140636,"Europe",11,23.4750003814697
"445","S4309",9.460072222,48.4587139,"Europe",22,26.4969997406006
"446","S4310",9.460072222,48.4587139,"Europe",18,18
"447","S4311",9.460072222,48.4587139,"Europe",23,24.9990005493164
"448","S4312",9.460072222,48.4587139,"Europe",21,21
"449","S4317",9.460072222,48.4587139,"Europe",20,20
"450","S4318",9.460072222,48.4587139,"Europe",20,20.25
"451","S4319",9.460072222,48.4587139,"Europe",31,38.9959983825684
"452","S4320",9.460072222,48.4587139,"Europe",24,24.9990005493164
"453","S4321",9.460072222,48.4587139,"Europe",23,23.5
"454","S4322",9.460072222,48.4587139,"Europe",16,21.992000579834
"455","S4323",9.460072222,48.4587139,"Europe",16,17
"456","S4324",9.460072222,48.4587139,"Europe",25,29.4979991912842
"457","S4325",9.460072222,48.4587139,"Europe",21,21
"458","S4326",9.460072222,48.4587139,"Europe",29,46.9910011291504
"459","S4340",9.460072222,48.4587139,"Europe",15,15
"460","S4357",19.539225,60.218303,"Europe",16,20.1630001068115
"461","S4381",4.98774,50.87258,"Europe",13,20.9990005493164
"462","S4385",19.789147,60.365367,"Europe",16,28.2430000305176
"463","S4402",27.2624,58.2986,"Europe",7,7.99599981307983
"464","S4420",9.460072222,48.4587139,"Europe",21,21
"465","S4422",9.460072222,48.4587139,"Europe",18,18
"466","S4423",9.460072222,48.4587139,"Europe",18,18.9990005493164
"467","S4424",9.460072222,48.4587139,"Europe",15,15
"468","S4430",9.460072222,48.4587139,"Europe",29,36.9959983825684
"469","S4432",9.460072222,48.4587139,"Europe",21,21
"470","S4440",-17.25861111,28.12694444,"Europe",20,24.4969997406006
"471","S4443",9.460072222,48.4587139,"Europe",17,17
"472","S4451",-2.833333,37.4,"Europe",3,3
"473","S4457",9.460072222,48.4587139,"Europe",28,29.9990005493164
"474","S4459",19.928056,60.346506,"Europe",21,45.4959983825684
"475","S4480",37.57,54.86361111,"Europe",6,7.99700021743774
"476","S4489",19.47555556,67.85583333,"Europe",2,2
"477","S4538",8.450833333,46.89583333,"Europe",NA,NA
"478","S4551",9.460072222,48.4587139,"Europe",25,26
"479","S4622",10.405344,50.971664,"Europe",8,8
"480","S4623",9.460072222,48.4587139,"Europe",31,38.9949989318848
"481","S4633",19.789183,60.364781,"Europe",30,34.4980010986328
"482","S4640",9.460072222,48.4587139,"Europe",17,17
"483","S4677",53.15833333,57.09861111,"Europe",14,14.2489995956421
"484","S4719",9.460072222,48.4587139,"Europe",22,22
"485","S4725",9.460072222,48.4587139,"Europe",22,22
"486","S4726",9.460072222,48.4587139,"Europe",28,33.9980010986328
"487","S4727",9.460072222,48.4587139,"Europe",22,23
"488","S4736",9.460072222,48.4587139,"Europe",29,31.2490005493164
"489","S4738",9.460072222,48.4587139,"Europe",23,27.4969997406006
"490","S4740",9.460072222,48.4587139,"Europe",34,36.6650009155273
"491","S4741",20.268314,60.140756,"Europe",23,39.640998840332
"492","S4746",4.98762,50.87278,"Europe",5,5.98699998855591
"493","S4764",19.924203,60.344756,"Europe",21,27.2479991912842
"494","S4766",9.460072222,48.4587139,"Europe",31,32.9990005493164
"495","S4772",10.405344,50.971664,"Europe",7,7
"496","S4774",16.17,48.25,"Europe",10,10
"497","S4777",4.98676,50.87565,"Europe",9,13.496000289917
"498","S4827",20.165811,60.074161,"Europe",20,37.9930000305176
"499","S4839",9.460072222,48.4587139,"Europe",20,20
"500","S4840",9.460072222,48.4587139,"Europe",19,19
"501","S4841",9.460072222,48.4587139,"Europe",26,31.9969997406006
"502","S4846",19.671808,60.213672,"Europe",22,26.0809993743897
"503","S4864",9.460072222,48.4587139,"Europe",26,26.9990005493164
"504","S4876",9.460072222,48.4587139,"Europe",22,26.4969997406006
"505","S4878",27.2624,58.2986,"Europe",8,15.8929996490479
"506","S4904",9.460072222,48.4587139,"Europe",29,30.9990005493164
"507","S4929",9.460072222,48.4587139,"Europe",19,19.5
"508","S4940",9.460072222,48.4587139,"Europe",17,19.9979991912842
"509","S4957",12.01166667,36.77583333,"Europe",16,16.9969997406006
"510","S5010",39.45694444,51.91055556,"Europe",13,13.2489995956421
"511","S5016",-2.833333,37.4,"Europe",8,9.9980001449585
"512","S5027",9.460072222,48.4587139,"Europe",25,25.5
"513","S5033",9.460072222,48.4587139,"Europe",21,22.9990005493164
"514","S5036",9.460072222,48.4587139,"Europe",30,54.4850006103516
"515","S5040",9.460072222,48.4587139,"Europe",24,25.9990005493164
"516","S5062",9.460072222,48.4587139,"Europe",31,33.2490005493164
"517","S5073",9.460072222,48.4587139,"Europe",22,22.9990005493164
"518","S5074",9.460072222,48.4587139,"Europe",25,37.4910011291504
"519","S5077",19.594139,60.235531,"Europe",13,25.4659996032715
"520","S5079",8.586111111,45.76944444,"Europe",18,18.5
"521","S5089",20.164331,60.074047,"Europe",9,9
"522","S5090",9.460072222,48.4587139,"Europe",16,16
"523","S5091",19.800739,60.334353,"Europe",11,13.6569995880127
"524","S5102",19.539225,60.218292,"Europe",12,18.2339992523193
"525","S5118",10.417922,51.271275,"Europe",15,15
"526","S5119",9.460072222,48.4587139,"Europe",21,21
"527","S5129",10.405344,50.971664,"Europe",15,15
"528","S5132",9.460072222,48.4587139,"Europe",22,24.9979991912842
"529","S5133",9.460072222,48.4587139,"Europe",24,26.9969997406006
"530","S5156",4.90455,50.86576,"Europe",14,15
"531","S5163",4.93656,50.84995,"Europe",16,21.9969997406006
"532","S5165",9.460072222,48.4587139,"Europe",21,22.9990005493164
"533","S5187",9.460072222,48.4587139,"Europe",27,36.9939994812012
"534","S5195",4.96051,50.86227,"Europe",23,27.4990005493164
"535","S5197",9.460072222,48.4587139,"Europe",23,23.5
"536","S5209",9.460072222,48.4587139,"Europe",22,23.9979991912842
"537","S5224",9.460072222,48.4587139,"Europe",27,27.5
"538","S5225",27.2624,58.2986,"Europe",15,23.9820003509522
"539","S5232",19.540511,60.218039,"Europe",29,30.4979991912842
"540","S5241",10.405344,50.971664,"Europe",5,5
"541","S5245",19.543158,60.235475,"Europe",13,14.9980001449585
"542","S5247",9.460072222,48.4587139,"Europe",22,23
"543","S5248",9.460072222,48.4587139,"Europe",25,25.9990005493164
"544","S5251",9.460072222,48.4587139,"Europe",26,26.9990005493164
"545","S5257",9.460072222,48.4587139,"Europe",22,22
"546","S5258",19.540519,60.217986,"Europe",8,8.99899959564209
"547","S5275",19.543219,60.2355,"Europe",13,13.9980001449585
"548","S5283",20.2683,60.140756,"Europe",20,44.4900016784668
"549","S5310",9.460072222,48.4587139,"Europe",20,20
"550","S5311",9.460072222,48.4587139,"Europe",25,27.9979991912842
"551","S5312",9.460072222,48.4587139,"Europe",21,22
"552","S5313",9.460072222,48.4587139,"Europe",22,23.9990005493164
"553","S5314",9.460072222,48.4587139,"Europe",23,25.2479991912842
"554","S5316",9.460072222,48.4587139,"Europe",25,26.9990005493164
"555","S5337",9.460072222,48.4587139,"Europe",30,34.1650009155273
"556","S5342",9.460072222,48.4587139,"Europe",17,17.9990005493164
"557","S5343",9.460072222,48.4587139,"Europe",19,21.9979991912842
"558","S5345",9.460072222,48.4587139,"Europe",23,30.996000289917
"559","S5346",19.540514,60.218036,"Europe",16,19.9930000305176
"560","S5347",27.2624,58.2986,"Europe",10,10.9940004348755
"561","S5351",9.460072222,48.4587139,"Europe",21,23.9979991912842
"562","S5355",4.975151,50.865977,"Europe",8,8.99699974060059
"563","S5357",19.671808,60.213681,"Europe",18,21.9979991912842
"564","S5361",9.460072222,48.4587139,"Europe",26,30.4969997406006
"565","S5380",9.460072222,48.4587139,"Europe",30,30.1669998168945
"566","S5381",9.460072222,48.4587139,"Europe",25,29.4979991912842
"567","S5382",9.460072222,48.4587139,"Europe",26,27
"568","S5383",9.460072222,48.4587139,"Europe",18,18
"569","S5387",10.405344,50.971664,"Europe",9,9
"570","S5388",10.405344,50.971664,"Europe",11,11
"571","S5402",9.460072222,48.4587139,"Europe",18,18.9990005493164
"572","S5420",4.98766,50.87272,"Europe",7,7.49900007247925
"573","S5438",10.405344,50.971664,"Europe",7,7
"574","S5443",9.460072222,48.4587139,"Europe",32,35.1230010986328
"575","S5444",19.539261,60.218447,"Europe",9,23.1180000305176
"576","S5465",19.540092,60.218231,"Europe",16,24.9829998016357
"577","S5470",9.460072222,48.4587139,"Europe",25,26.9990005493164
"578","S5475",9.460072222,48.4587139,"Europe",30,47.9900016784668
"579","S5496",4.99102,50.88748,"Europe",3,3
"580","S5498",9.460072222,48.4587139,"Europe",24,24
"581","S5499",9.460072222,48.4587139,"Europe",27,28.4990005493164
"582","S5501",9.460072222,48.4587139,"Europe",23,30.996000289917
"583","S5518",10.405344,50.971664,"Europe",6,6
"584","S5531",19.671547,60.213056,"Europe",13,14.1239995956421
"585","S5542",19.543269,60.235711,"Europe",18,23.996000289917
"586","S5554",9.460072222,48.4587139,"Europe",25,27.9979991912842
"587","S5557",23.53111111,41.75888889,"Europe",10,12.9829998016357
"588","S5562",9.460072222,48.4587139,"Europe",29,29.125
"589","S5563",9.460072222,48.4587139,"Europe",28,28.5
"590","S5580",9.460072222,48.4587139,"Europe",28,28.9990005493164
"591","S5581",9.460072222,48.4587139,"Europe",14,14.9989995956421
"592","S5582",9.460072222,48.4587139,"Europe",19,19.9990005493164
"593","S5599",-2.833333,37.4,"Europe",6,6.99499988555908
"594","S5600",27.2624,58.2986,"Europe",13,25.3950004577637
"595","S5611",27.2624,58.2986,"Europe",7,7
"596","S5634",10.405344,50.971664,"Europe",21,21.25
"597","S5649",9.460072222,48.4587139,"Europe",19,19
"598","S5659",4.990069,50.88687,"Europe",9,10
"599","S5664",9.460072222,48.4587139,"Europe",19,21.9979991912842
"600","S5668",10.417922,51.271275,"Europe",16,17.9979991912842
"601","S5670",-2.833333,37.4,"Europe",4,5.99700021743774
"602","S5699",9.460072222,48.4587139,"Europe",23,23
"603","S5725",19.800544,60.334267,"Europe",10,10
"604","S5730",10.417922,51.271275,"Europe",22,24.2479991912842
"605","S5736",-20.63388889,64.22583333,"Europe",21,22.9869995117188
"606","S5737",9.460072222,48.4587139,"Europe",26,35.9939994812012
"607","S5757",4.97498,50.86621,"Europe",15,17.9950008392334
"608","S5760",4.93629,50.85095,"Europe",11,11
"609","S5761",4.97775,50.85949,"Europe",4,4
"610","S5773",18.83861111,42.39583333,"Europe",3,3
"611","S5776",9.460072222,48.4587139,"Europe",25,27.9979991912842
"612","S5781",9.460072222,48.4587139,"Europe",19,19.25
"613","S5782",9.460072222,48.4587139,"Europe",28,40.4949989318848
"614","S5783",9.460072222,48.4587139,"Europe",15,15
"615","S5817",9.460072222,48.4587139,"Europe",26,31.996000289917
"616","S5818",9.460072222,48.4587139,"Europe",15,20.9969997406006
"617","S5833",9.460072222,48.4587139,"Europe",32,36.1650009155273
"618","S5836",12,57.66027778,"Europe",8,10.9659996032715
"619","S5838",-2.833333,37.4,"Europe",8,8.48999977111816
"620","S5841",4.96049,50.8624,"Europe",12,12.9989995956421
"621","S5848",9.460072222,48.4587139,"Europe",20,22.9969997406006
"622","S5857",27.2624,58.2986,"Europe",6,6
"623","S5859",19.924208,60.344758,"Europe",18,22.496000289917
"624","S5868",10.417922,51.271275,"Europe",6,6.99900007247925
"625","S5888",9.460072222,48.4587139,"Europe",22,22
"626","S5889",-2.833333,37.4,"Europe",15,15
"627","S5893",9.460072222,48.4587139,"Europe",29,29.125
"628","S5913",9.460072222,48.4587139,"Europe",30,32.2490005493164
"629","S5914",9.460072222,48.4587139,"Europe",19,19
"630","S5916",9.460072222,48.4587139,"Europe",26,38.4900016784668
"631","S5917",9.460072222,48.4587139,"Europe",21,21.5
"632","S5929",9.460072222,48.4587139,"Europe",21,21
"633","S5930",9.460072222,48.4587139,"Europe",19,21.9990005493164
"634","S5953",24.78666667,70.14722222,"Europe",3,5
"635","S5959",15.69972222,78.2,"Europe",1,1
"636","S5963",9.460072222,48.4587139,"Europe",34,51.984001159668
"637","S5984",9.460072222,48.4587139,"Europe",27,27.5
"638","S5986",20.268303,60.140758,"Europe",14,18.496000289917
"639","S5996",27.2624,58.2986,"Europe",3,3
"640","S5999",27.2624,58.2986,"Europe",11,12.4969997406006
"641","S6000",27.2624,58.2986,"Europe",8,8
"642","S6001",27.2624,58.2986,"Europe",9,21.1879997253418
"643","S6002",27.2624,58.2986,"Europe",11,13.9689998626709
"644","S6003",27.2624,58.2986,"Europe",2,2
"645","S6004",27.2624,58.2986,"Europe",9,13.4519996643066
"646","S6006",27.2624,58.2986,"Europe",8,9.95499992370605
"647","S6010",27.2624,58.2986,"Europe",9,9.98900032043457
"648","S6011",27.2624,58.2986,"Europe",9,16.9839992523193
"649","S6015",27.2624,58.2986,"Europe",10,16.1790008544922
"650","S6016",27.2624,58.2986,"Europe",10,10.6599998474121
"651","S6019",27.2624,58.2986,"Europe",9,9.99199962615967
"652","S6022",27.2624,58.2986,"Europe",11,11.496000289917
"653","S6031",2.886666667,49.40805556,"Europe",3,3
"654","S6053",9.460072222,48.4587139,"Europe",22,22
"655","S6073",10.417922,51.271275,"Europe",17,19.2479991912842
"656","S6107",-2.833333,37.4,"Europe",6,7.97300004959106
"657","S6158",-2.833333,37.4,"Europe",11,12.4980001449585
"658","S6163",27.2624,58.2986,"Europe",10,13.1009998321533
"659","S6213",10.21527778,56.09166667,"Europe",7,7
"660","S6232",9.460072222,48.4587139,"Europe",21,21
"661","S6341",16.89194444,61.14666667,"Europe",3,3
"662","S6419",-3.468333333,57.00694444,"Europe",10,10.4969997406006
"663","S6546",5.894444444,49.62361111,"Europe",4,4
"664","S6568",-2.833333,37.4,"Europe",20,37.9480018615723
"665","S6594",9.460072222,48.4587139,"Europe",17,17.4990005493164
"666","S6608",27.2624,58.2986,"Europe",3,3
"667","S6635",4.990823,50.886561,"Europe",10,10
"668","S6640",9.460072222,48.4587139,"Europe",30,37.9949989318848
"669","S6685",19.923906,60.344656,"Europe",15,27.4899997711182
"670","S6809",-2.833333,37.4,"Europe",5,5
"671","S6819",27.2624,58.2986,"Europe",1,1
"672","S6820",27.2624,58.2986,"Europe",7,8.95499992370606
"673","S6822",27.2624,58.2986,"Europe",10,10.1630001068115
"674","S6823",27.2624,58.2986,"Europe",3,3.95499992370605
"675","S6826",27.2624,58.2986,"Europe",6,10.33899974823
"676","S6827",27.2624,58.2986,"Europe",9,13.3450002670288
"677","S6844",-16.88722222,32.7325,"Europe",12,12.9890003204346
"678","S6882",27.2624,58.2986,"Europe",6,6.49599981307983
"679","S6916",-2.833333,37.4,"Europe",9,26.9200000762939
"680","S6925",-2.833333,37.4,"Europe",13,13.9890003204346
"681","S6950",-2.833333,37.4,"Europe",6,6
"682","S7002",-2.833333,37.4,"Europe",14,14.1660003662109
"683","S7012",27.2624,58.2986,"Europe",12,12.996000289917
"684","S7031",27.2624,58.2986,"Europe",7,8.95600032806397
"685","S7055",21.57083333,69.89055556,"Europe",4,4
"686","S7081",27.2624,58.2986,"Europe",9,9
"687","S7089",-2.833333,37.4,"Europe",9,9.66300010681152
"688","S7092",27.2624,58.2986,"Europe",4,4
"689","S7097",27.2624,58.2986,"Europe",7,7.95499992370606
"690","S7108",-2.833333,37.4,"Europe",6,6.4980001449585
"691","S7123",19.924192,60.344739,"Europe",14,14.6599998474121
"692","S7185",27.2624,58.2986,"Europe",12,32.8889999389648
"693","S7210",-2.833333,37.4,"Europe",15,27.2099990844727
"694","S7231",27.2624,58.2986,"Europe",5,6.98600006103516
"695","S7254",-2.833333,37.4,"Europe",11,14.9530000686646
"696","S7255",-2.833333,37.4,"Europe",5,7.78599977493286
"697","S7258",27.2624,58.2986,"Europe",4,5.75
"698","S7269",-8.837777778,41.71277778,"Europe",3,3
"699","S7307",57.40388889,54.28833333,"Europe",1,1
"700","S7336",-2.833333,37.4,"Europe",6,6
"701","S7345",-2.833333,37.4,"Europe",2,2
"702","S7346",27.2624,58.2986,"Europe",6,6.15899991989136
"703","S7363",-2.833333,37.4,"Europe",5,5
"704","S7364",-2.833333,37.4,"Europe",3,3.83299994468689
"705","S7388",25.74333333,45.90222222,"Europe",1,1
"706","S7389",-2.833333,37.4,"Europe",2,2
"707","S7401",14.65694444,37.90694444,"Europe",6,6.97399997711182
"708","S7415",-2.833333,37.4,"Europe",1,1
"709","S7417",-2.833333,37.4,"Europe",7,7.99100017547607
"710","S7460",-2.833333,37.4,"Europe",9,9.97799968719482
"711","S7467",27.2624,58.2986,"Europe",6,8.89999961853027
"712","S7472",27.2624,58.2986,"Europe",2,2
"713","S7473",27.2624,58.2986,"Europe",4,4
"714","S7477",27.2624,58.2986,"Europe",1,1
"715","S7509",37.63944444,54.87444444,"Europe",1,1
"716","S7513",-16.50305556,28.35861111,"Europe",3,5
"717","S7519",27.2624,58.2986,"Europe",2,2
"718","S7528",-2.833333,37.4,"Europe",8,15.6800003051758
"719","S7531",24.03361111,68.06333333,"Europe",2,2
"720","S7578",27.2624,58.2986,"Europe",2,2
"721","S7586",-2.833333,37.4,"Europe",5,8.9379997253418
"722","S7629",-2.833333,37.4,"Europe",5,13
"723","S7649",27.2624,58.2986,"Europe",2,2.5
"724","S7653",90.9875,69.0033,"Europe",1,1
"725","S7680",-2.833333,37.4,"Europe",3,3
"726","S7697",-2.833333,37.4,"Europe",4,8.5
"727","S7706",-2.833333,37.4,"Europe",2,2
"728","S7709",27.2624,58.2986,"Europe",1,1
"729","S7710",27.2624,58.2986,"Europe",3,5
"730","S7728",-2.833333,37.4,"Europe",1,1
"731","S7767",-3.5131,40.2731,"Europe",1,1
"732","S892",-23.2975,64.85055556,"Europe",30,34
"733","S948",19.924189,60.344736,"Europe",26,36.6640014648438
